insert into public.cities (id, name, slug, latitude, longitude) values
  ('cotonou', 'Cotonou', 'cotonou', 6.3703, 2.3912),
  ('porto-novo', 'Porto-Novo', 'porto-novo', 6.4969, 2.6289),
  ('ouidah', 'Ouidah', 'ouidah', 6.3631, 2.0851),
  ('abomey', 'Abomey', 'abomey', 7.1853, 1.9912),
  ('parakou', 'Parakou', 'parakou', 9.3372, 2.6303)
on conflict (id) do update set
  name = excluded.name,
  slug = excluded.slug,
  latitude = excluded.latitude,
  longitude = excluded.longitude,
  enabled = true;

insert into public.categories (
  id,
  listing_type,
  subtype,
  name_key,
  default_listing_class,
  sort_order
) values
  ('heritage-historique', 'lieu', 'historique', 'category.heritage.historique', 'patrimonial', 10),
  ('heritage-nature', 'lieu', 'nature', 'category.heritage.nature', 'patrimonial', 20),
  ('commercial-marche', 'lieu', 'marche', 'category.commercial.marche', 'commercial', 30),
  ('commercial-restaurant', 'etablissement', 'restaurant', 'category.commercial.restaurant', 'commercial', 40),
  ('commercial-hotel', 'etablissement', 'hotel', 'category.commercial.hotel', 'commercial', 50),
  ('guide-touristique', 'etablissement', 'guide', 'category.commercial.guide', 'commercial', 60),
  ('event-culture', 'evenement', 'culture', 'category.event.culture', 'evenementiel', 70)
on conflict (id) do update set
  listing_type = excluded.listing_type,
  subtype = excluded.subtype,
  name_key = excluded.name_key,
  default_listing_class = excluded.default_listing_class,
  sort_order = excluded.sort_order;

insert into public.listings (
  id,
  type,
  subtype,
  listing_class,
  category_id,
  status,
  name,
  slug,
  description,
  content_lang,
  city_id,
  district,
  address,
  lat,
  lng,
  price_from_xof,
  price_unit,
  tags,
  verified,
  rating_avg,
  rating_count,
  views_count,
  likes_count,
  published_at
) values
  (
    '00000000-0000-4000-8000-000000000101',
    'lieu',
    'historique',
    'patrimonial',
    'heritage-historique',
    'publie',
    'Porte du Non-Retour',
    'porte-du-non-retour-ouidah',
    'Monument patrimonial majeur de Ouidah, point de memoire ouvert aux visiteurs et parcours de decouverte historique.',
    'fr',
    'ouidah',
    'Plage de Ouidah',
    'Route des Esclaves, Ouidah',
    6.3422,
    2.0800,
    null,
    'aucune',
    array['memoire', 'patrimoine', 'histoire'],
    true,
    4.8,
    42,
    320,
    86,
    now()
  ),
  (
    '00000000-0000-4000-8000-000000000102',
    'lieu',
    'marche',
    'commercial',
    'commercial-marche',
    'publie',
    'Marche Dantokpa',
    'marche-dantokpa-cotonou',
    'Grand marche populaire de Cotonou, connu pour ses allees denses, ses produits locaux et son energie commerciale.',
    'fr',
    'cotonou',
    'Dantokpa',
    'Boulevard Saint Michel, Cotonou',
    6.3707,
    2.4310,
    null,
    'aucune',
    array['marche', 'shopping', 'local'],
    false,
    4.4,
    31,
    280,
    63,
    now()
  ),
  (
    '00000000-0000-4000-8000-000000000103',
    'etablissement',
    'restaurant',
    'commercial',
    'commercial-restaurant',
    'publie',
    'Table Locale Cotonou',
    'table-locale-cotonou',
    'Restaurant de test dedie a la validation catalogue Kwabor, avec cuisine beninoise, prix indicatif et contact fictif.',
    'fr',
    'cotonou',
    'Haie Vive',
    'Rue 12.001, Cotonou',
    6.3586,
    2.4041,
    5000,
    'consommation',
    array['restaurant', 'beninois', 'test'],
    false,
    4.2,
    12,
    110,
    24,
    now()
  ),
  (
    '00000000-0000-4000-8000-000000000104',
    'evenement',
    'culture',
    'evenementiel',
    'event-culture',
    'publie',
    'Festival culturel de Ouidah',
    'festival-culturel-ouidah-test',
    'Evenement culturel de test pour valider les fiches evenementielles, la recherche par ville et les campagnes futures.',
    'fr',
    'ouidah',
    'Centre ville',
    'Ouidah',
    6.3631,
    2.0851,
    2000,
    'par_entree',
    array['festival', 'culture', 'test'],
    false,
    4.1,
    8,
    75,
    15,
    now()
  )
on conflict (id) do update set
  status = excluded.status,
  name = excluded.name,
  slug = excluded.slug,
  description = excluded.description,
  city_id = excluded.city_id,
  district = excluded.district,
  address = excluded.address,
  lat = excluded.lat,
  lng = excluded.lng,
  price_from_xof = excluded.price_from_xof,
  price_unit = excluded.price_unit,
  tags = excluded.tags,
  verified = excluded.verified,
  rating_avg = excluded.rating_avg,
  rating_count = excluded.rating_count,
  views_count = excluded.views_count,
  likes_count = excluded.likes_count,
  published_at = excluded.published_at;

insert into public.listing_media (
  listing_id,
  url,
  alt,
  display_order,
  is_cover
) values
  (
    '00000000-0000-4000-8000-000000000101',
    'https://example.invalid/kwabor/seeds/porte-non-retour.jpg',
    'Porte du Non-Retour a Ouidah',
    0,
    true
  ),
  (
    '00000000-0000-4000-8000-000000000102',
    'https://example.invalid/kwabor/seeds/marche-dantokpa.jpg',
    'Vue du Marche Dantokpa a Cotonou',
    0,
    true
  ),
  (
    '00000000-0000-4000-8000-000000000103',
    'https://example.invalid/kwabor/seeds/table-locale.jpg',
    'Plat local beninois servi dans un restaurant de test',
    0,
    true
  ),
  (
    '00000000-0000-4000-8000-000000000104',
    'https://example.invalid/kwabor/seeds/festival-ouidah.jpg',
    'Scene culturelle de festival a Ouidah',
    0,
    true
  )
on conflict do nothing;
